<root>
    <Application>
        <appname>Unlock Screen</appname>
        <appid>com.system.lockscreen</appid>
        <appversion>1.0.0</appversion>
        <appstatus>debug</appstatus>
        <appicon>res/AppIcon.png</appicon>
        <minversion>1.0</minversion>
        <apiver>1</apiver>
    </Application>
    <Build>
        <platform>i386</platform>
        <platform>i486</platform>
        <platform>i586</platform>
        <platform>i686</platform>
        <platform>aarch64</platform>
        <platform>x86-64</platform>
        <platform>arm</platform>
        <platform>armv4</platform>
        <platform>armv5</platform>
        <platform>armv6</platform>
        <platform>armv7</platform>
        <platform>armv8</platform>
        <platform>powerpc</platform>
        <platform>powerpc64</platform>
        <platform>powerpc64le</platform>
        <platform>s390x</platform>
        <platform>mips</platform>
        <platform>mips64</platform>
        <platform>mips64el</platform>
        <platform>sparc</platform>
        <platform>sparc64</platform>
        <platform>riscv32</platform>
        <platform>riscv64</platform>
        <platform>sh</platform>
        <platform>sh64</platform>
        <platform>loongarch64</platform>
        <builder>gcc</builder>
        <src>src/</src>
    </Build>
    <Privacy>
        <pressmission>sudo</pressmission>
    </Privacy>
</root>